image_file,description
/Users/rishintiwari/Desktop/Spring 2024/Data Science Programming/Final Project/sample/01_06125844_3f40d9_2783505a.jpg," The image shows a soccer player in possession of the ball, while another player is attempting to tackle him. This suggests that it could be depicted as either a tackle or a Free_Kick situation, depending on whether the tackling player commits a foul by committing contact from behind (a tackle) or if the defending player wins the ball fairly (Free_Kick). However, without seeing the preceding actions leading up to this moment or having additional context, it's impossible to definitively determine which soccer event is depicted in this image. "
/Users/rishintiwari/Desktop/Spring 2024/Data Science Programming/Final Project/sample/0_GettyImages-1247195811.jpg," The image appears to show a moment from a soccer match. Based on what is visible, it seems to be related to a penalty kick or free kick scenario. The blurred figures suggest movement and action, which could indicate the moment a player is fouled or the buildup of an attack that leads to a potential foul or penalty kick. However, without clearer details, it's challenging to definitively identify the specific soccer event depicted in this image. "
/Users/rishintiwari/Desktop/Spring 2024/Data Science Programming/Final Project/sample/0_PA-1388114.jpg," The image appears to be a collage or montage of various soccer elements, but it does not depict a specific soccer event like a corner kick, free kick, penalty kick, red card, yellow card, substitute, or tackle. It seems more like a collection of different soccer-related images, which could include any of the mentioned events, as well as other aspects of the game, such as players in action, team logos, stadium shots, and so on. "
/Users/rishintiwari/Desktop/Spring 2024/Data Science Programming/Final Project/sample/CG2THLDLS5NKLICN2NHD3BRKJU.jpg," The image you've provided appears to be a digitally altered or composite graphic, rather than an actual event. It shows various elements that resemble a soccer field, such as the corner flag, which suggests a Corner_Kick event. However, the text overlay and the distorted appearance of the graphic make it difficult to accurately predict the specific soccer event depicted in this image.

If we're looking for soccer-related terms within the context of the image's distortions, we could infer that there might be a ""Corner_Kick"" or some form of corner play, as there is a corner flag visible. But without further information or clarity of the original content, it is not possible to determine the exact event with certainty. "
/Users/rishintiwari/Desktop/Spring 2024/Data Science Programming/Final Project/sample/Image_65.jpg," The image you've provided shows a satellite view of a location with various elements. However, there are no elements in the image that directly relate to a soccer event like Corner_Kick, Free_Kick, Penalty_kick, Red_Card, Yellow_Card, substitute, or tackle. The image appears to be an artistic representation or a composite of different images, and it does not depict any specific soccer event. "
/Users/rishintiwari/Desktop/Spring 2024/Data Science Programming/Final Project/sample/RC_Image_56.jpg," The image you've provided appears to show a digitally altered scene that doesn't correspond to a typical soccer event. It seems like a creative or humorous take on elements found in a soccer game rather than depicting a specific type of action from the sport.

There are various digital artifacts overlaying the image, which include what looks like a digitally inserted figure and a text box with a red card icon. However, there isn't enough context or visual clues to determine if it represents an actual event or is merely meant to be a playful or artistic representation of soccer elements. "
/Users/rishintiwari/Desktop/Spring 2024/Data Science Programming/Final Project/sample/RC_Image_64.jpg," The image shows a piece of text overlaid on what appears to be a soccer field, specifically with the word ""CORNER_KICK"" in a context that suggests it is related to a penalty situation. This indicates that the event depicted is related to a corner kick in a soccer match. "
/Users/rishintiwari/Desktop/Spring 2024/Data Science Programming/Final Project/sample/RC_Image_83.jpg, The image depicts a digitally altered scene that does not represent a real-life soccer event. It appears to be a playful manipulation rather than an actual game scenario. 
/Users/rishintiwari/Desktop/Spring 2024/Data Science Programming/Final Project/sample/S_Image_203.jpg," The image appears to be digitally altered or manipulated. It's not possible for me to predict which soccer event is depicted in this image as there are no recognizable elements of a soccer field or players, and the image does not show any actions that would be associated with a specific event. If there were any context or additional information, I could try to provide a more accurate prediction. "
/Users/rishintiwari/Desktop/Spring 2024/Data Science Programming/Final Project/sample/S_Image_24.jpg," The image depicts a 3D rendering of a soccer pitch with a single player, possibly a goalkeeper given the position and attire. There are no players nearby for a corner kick or a free kick, and there is no sign of a red card being issued, which would indicate a foul committed by the defending team. The yellow card might be associated with a player in the image if this were an actual game, but without context or information about the game, it's not possible to confirm that a yellow card was given.

Given these observations and the absence of players and refereeing actions, none of the soccer events you listed are directly depicted in this image. It seems more like a stylized or artistic representation rather than a depiction of an actual match event. "
/Users/rishintiwari/Desktop/Spring 2024/Data Science Programming/Final Project/sample/cambios.jpg," The image appears to show a digitally altered scene with various elements placed in it. However, without additional context or recognizable landmarks, it is difficult to determine if any of these events are depicted. If you provide more details about the content of the image, I might be able to give a more accurate answer. "
/Users/rishintiwari/Desktop/Spring 2024/Data Science Programming/Final Project/sample/cornerkick_183031820.jpg," The image appears to show a humorous scenario rather than an actual soccer event. It's a digitally altered image that shows a soccer ball in the position of a corner kick, with the caption ""Corner_Kick."" However, the alteration includes elements unrelated to a real soccer match or goal celebration, such as a blurred background and the word ""corner"" superimposed over the top of the image.

This does not represent a specific event in soccer like a corner kick, free kick, penalty kick, red card, yellow card, substitute player entering play, or tackle. It's a creative or parody representation intended to be funny. "
